"chart_id","chart_name","diet_type","health_condition","goal","general_guidance","foods_to_avoid_or_limit","red_flags_and_exclusions","required_approver","source_ids","status"
"DC001","Weight management — Veg — Weight loss","Veg","Weight management","Weight loss","Vegetables, pulses/lean protein, whole grains and minimally processed foods at most meals. Set energy target only after assessment; use a moderate, sustainable deficit and monitor nutrition adequacy. Weight trend, waist, hunger, strength, adherence and signs of nutrient inadequacy.","Sugar-sweetened beverages, frequent fried foods, sweets and oversized portions. Do not prescribe aggressive loss during pregnancy, early postpartum, active eating disorder, undernutrition or unstable disease.","Age under 18 | Current/past eating disorder, severe restriction, purging or rapid unexplained weight change | Recent hospitalization, major surgery, active infection, cancer treatment or medically unstable state | Three or more active medical conditions or conflicting restrictions | Severe food allergy or anaphylaxis history","Dietitian/qualified health consultant","S001;S004","Draft—consultant approval required"
"DC002","Weight management — Non-Veg — Weight loss","Non-Veg","Weight management","Weight loss","Vegetables, pulses/lean protein, whole grains and minimally processed foods at most meals. Set energy target only after assessment; use a moderate, sustainable deficit and monitor nutrition adequacy. Weight trend, waist, hunger, strength, adherence and signs of nutrient inadequacy.","Sugar-sweetened beverages, frequent fried foods, sweets and oversized portions. Do not prescribe aggressive loss during pregnancy, early postpartum, active eating disorder, undernutrition or unstable disease.","Age under 18 | Current/past eating disorder, severe restriction, purging or rapid unexplained weight change | Recent hospitalization, major surgery, active infection, cancer treatment or medically unstable state | Three or more active medical conditions or conflicting restrictions | Severe food allergy or anaphylaxis history","Dietitian/qualified health consultant","S001;S004","Draft—consultant approval required"
"DC003","Hypertension — Veg — Condition support","Veg","Hypertension","Condition support","Keep total salt below the clinician-set limit; WHO population benchmark is less than 5 g salt/day (2 g sodium). Vegetables, fruit, pulses, whole grains, nuts/seeds and appropriate low-fat dairy. Home/clinic BP, edema, sodium sources, adherence and medication changes.","Pickle, papad, namkeen, instant foods, salty sauces, processed meats and restaurant gravies. Do not recommend potassium-based salt substitutes without medicine and kidney review.","Age under 18 | Current/past eating disorder, severe restriction, purging or rapid unexplained weight change | Recent hospitalization, major surgery, active infection, cancer treatment or medically unstable state | BP above 180/120 mmHg with chest pain, dyspnea, weakness, numbness, vision or speech change | Repeated BP above 180/120 mmHg without emergency symptoms | Three or more active medical conditions or conflicting restrictions | Severe food allergy or anaphylaxis history","Dietitian plus prescribing clinician as needed","S003;S019","Draft—consultant approval required"
"DC004","Hypertension — Veg — Weight loss","Veg","Hypertension","Weight loss","Keep total salt below the clinician-set limit; WHO population benchmark is less than 5 g salt/day (2 g sodium). Vegetables, fruit, pulses, whole grains, nuts/seeds and appropriate low-fat dairy. Home/clinic BP, edema, sodium sources, adherence and medication changes.","Pickle, papad, namkeen, instant foods, salty sauces, processed meats and restaurant gravies. Do not recommend potassium-based salt substitutes without medicine and kidney review.","Age under 18 | Current/past eating disorder, severe restriction, purging or rapid unexplained weight change | Recent hospitalization, major surgery, active infection, cancer treatment or medically unstable state | BP above 180/120 mmHg with chest pain, dyspnea, weakness, numbness, vision or speech change | Repeated BP above 180/120 mmHg without emergency symptoms | Three or more active medical conditions or conflicting restrictions | Severe food allergy or anaphylaxis history","Dietitian plus prescribing clinician as needed","S003;S019","Draft—consultant approval required"
"DC005","Hypertension — Non-Veg — Condition support","Non-Veg","Hypertension","Condition support","Keep total salt below the clinician-set limit; WHO population benchmark is less than 5 g salt/day (2 g sodium). Vegetables, fruit, pulses, whole grains, nuts/seeds and appropriate low-fat dairy. Home/clinic BP, edema, sodium sources, adherence and medication changes.","Pickle, papad, namkeen, instant foods, salty sauces, processed meats and restaurant gravies. Do not recommend potassium-based salt substitutes without medicine and kidney review.","Age under 18 | Current/past eating disorder, severe restriction, purging or rapid unexplained weight change | Recent hospitalization, major surgery, active infection, cancer treatment or medically unstable state | BP above 180/120 mmHg with chest pain, dyspnea, weakness, numbness, vision or speech change | Repeated BP above 180/120 mmHg without emergency symptoms | Three or more active medical conditions or conflicting restrictions | Severe food allergy or anaphylaxis history","Dietitian plus prescribing clinician as needed","S003;S019","Draft—consultant approval required"
"DC006","Hypertension — Non-Veg — Weight loss","Non-Veg","Hypertension","Weight loss","Keep total salt below the clinician-set limit; WHO population benchmark is less than 5 g salt/day (2 g sodium). Vegetables, fruit, pulses, whole grains, nuts/seeds and appropriate low-fat dairy. Home/clinic BP, edema, sodium sources, adherence and medication changes.","Pickle, papad, namkeen, instant foods, salty sauces, processed meats and restaurant gravies. Do not recommend potassium-based salt substitutes without medicine and kidney review.","Age under 18 | Current/past eating disorder, severe restriction, purging or rapid unexplained weight change | Recent hospitalization, major surgery, active infection, cancer treatment or medically unstable state | BP above 180/120 mmHg with chest pain, dyspnea, weakness, numbness, vision or speech change | Repeated BP above 180/120 mmHg without emergency symptoms | Three or more active medical conditions or conflicting restrictions | Severe food allergy or anaphylaxis history","Dietitian plus prescribing clinician as needed","S003;S019","Draft—consultant approval required"
"DC007","Type 2 diabetes / prediabetes — Veg — Condition support","Veg","Type 2 diabetes / prediabetes","Condition support","Nonstarchy vegetables, whole fruit, legumes, whole grains, nuts/seeds and lean protein. Carbohydrate amount and timing must be individualized to medicines, activity and glucose pattern. Glucose/A1c, hypoglycemia, kidney function, weight and medication changes.","Sugar-sweetened beverages, juice, sweets, refined grains and ultra-processed foods. Do not substantially reduce carbohydrate without medication/hypoglycemia review; discourage ketogenic pattern with SGLT2 inhibitor use.","Age under 18 | Current/past eating disorder, severe restriction, purging or rapid unexplained weight change | Recent hospitalization, major surgery, active infection, cancer treatment or medically unstable state | Type 1 diabetes | Insulin, sulfonylurea or recurrent hypoglycemia | Vomiting, dehydration, confusion, ketones or suspected hyperglycemic crisis | Pregnancy or planning pregnancy | Three or more active medical conditions or conflicting restrictions | Severe food allergy or anaphylaxis history","Diabetes-trained dietitian/clinician","S004","Draft—consultant approval required"
"DC008","Type 2 diabetes / prediabetes — Veg — Weight loss","Veg","Type 2 diabetes / prediabetes","Weight loss","Nonstarchy vegetables, whole fruit, legumes, whole grains, nuts/seeds and lean protein. Carbohydrate amount and timing must be individualized to medicines, activity and glucose pattern. Glucose/A1c, hypoglycemia, kidney function, weight and medication changes.","Sugar-sweetened beverages, juice, sweets, refined grains and ultra-processed foods. Do not substantially reduce carbohydrate without medication/hypoglycemia review; discourage ketogenic pattern with SGLT2 inhibitor use.","Age under 18 | Current/past eating disorder, severe restriction, purging or rapid unexplained weight change | Recent hospitalization, major surgery, active infection, cancer treatment or medically unstable state | Type 1 diabetes | Insulin, sulfonylurea or recurrent hypoglycemia | Vomiting, dehydration, confusion, ketones or suspected hyperglycemic crisis | Pregnancy or planning pregnancy | Three or more active medical conditions or conflicting restrictions | Severe food allergy or anaphylaxis history","Diabetes-trained dietitian/clinician","S004","Draft—consultant approval required"
"DC009","Type 2 diabetes / prediabetes — Non-Veg — Condition support","Non-Veg","Type 2 diabetes / prediabetes","Condition support","Nonstarchy vegetables, whole fruit, legumes, whole grains, nuts/seeds and lean protein. Carbohydrate amount and timing must be individualized to medicines, activity and glucose pattern. Glucose/A1c, hypoglycemia, kidney function, weight and medication changes.","Sugar-sweetened beverages, juice, sweets, refined grains and ultra-processed foods. Do not substantially reduce carbohydrate without medication/hypoglycemia review; discourage ketogenic pattern with SGLT2 inhibitor use.","Age under 18 | Current/past eating disorder, severe restriction, purging or rapid unexplained weight change | Recent hospitalization, major surgery, active infection, cancer treatment or medically unstable state | Type 1 diabetes | Insulin, sulfonylurea or recurrent hypoglycemia | Vomiting, dehydration, confusion, ketones or suspected hyperglycemic crisis | Pregnancy or planning pregnancy | Three or more active medical conditions or conflicting restrictions | Severe food allergy or anaphylaxis history","Diabetes-trained dietitian/clinician","S004","Draft—consultant approval required"
"DC010","Type 2 diabetes / prediabetes — Non-Veg — Weight loss","Non-Veg","Type 2 diabetes / prediabetes","Weight loss","Nonstarchy vegetables, whole fruit, legumes, whole grains, nuts/seeds and lean protein. Carbohydrate amount and timing must be individualized to medicines, activity and glucose pattern. Glucose/A1c, hypoglycemia, kidney function, weight and medication changes.","Sugar-sweetened beverages, juice, sweets, refined grains and ultra-processed foods. Do not substantially reduce carbohydrate without medication/hypoglycemia review; discourage ketogenic pattern with SGLT2 inhibitor use.","Age under 18 | Current/past eating disorder, severe restriction, purging or rapid unexplained weight change | Recent hospitalization, major surgery, active infection, cancer treatment or medically unstable state | Type 1 diabetes | Insulin, sulfonylurea or recurrent hypoglycemia | Vomiting, dehydration, confusion, ketones or suspected hyperglycemic crisis | Pregnancy or planning pregnancy | Three or more active medical conditions or conflicting restrictions | Severe food allergy or anaphylaxis history","Diabetes-trained dietitian/clinician","S004","Draft—consultant approval required"
"DC011","Gout / hyperuricemia — Veg — Condition support","Veg","Gout / hyperuricemia","Condition support","Water and fluids only to the clinician-approved amount; low-fat dairy and plant-forward meals can be used when otherwise suitable. Flares, serum urate, medicines, kidney function and weight trajectory.","Red meat, selected seafood, high-fructose drinks and alcohol; portion/frequency individualized. Organ meats and binge alcohol; diet is not a replacement for urate-lowering treatment when indicated. Do not apply broad bans to nutritious vegetables solely because they contain purines.","Age under 18 | Current/past eating disorder, severe restriction, purging or rapid unexplained weight change | Recent hospitalization, major surgery, active infection, cancer treatment or medically unstable state | Fluid restriction, kidney failure or heart failure | Three or more active medical conditions or conflicting restrictions | Severe food allergy or anaphylaxis history","Dietitian/physician","S007","Draft—consultant approval required"
"DC012","Gout / hyperuricemia — Veg — Weight loss","Veg","Gout / hyperuricemia","Weight loss","Water and fluids only to the clinician-approved amount; low-fat dairy and plant-forward meals can be used when otherwise suitable. Flares, serum urate, medicines, kidney function and weight trajectory.","Red meat, selected seafood, high-fructose drinks and alcohol; portion/frequency individualized. Organ meats and binge alcohol; diet is not a replacement for urate-lowering treatment when indicated. Do not apply broad bans to nutritious vegetables solely because they contain purines.","Age under 18 | Current/past eating disorder, severe restriction, purging or rapid unexplained weight change | Recent hospitalization, major surgery, active infection, cancer treatment or medically unstable state | Fluid restriction, kidney failure or heart failure | Three or more active medical conditions or conflicting restrictions | Severe food allergy or anaphylaxis history","Dietitian/physician","S007","Draft—consultant approval required"
"DC013","Gout / hyperuricemia — Non-Veg — Condition support","Non-Veg","Gout / hyperuricemia","Condition support","Water and fluids only to the clinician-approved amount; low-fat dairy and plant-forward meals can be used when otherwise suitable. Flares, serum urate, medicines, kidney function and weight trajectory.","Red meat, selected seafood, high-fructose drinks and alcohol; portion/frequency individualized. Organ meats and binge alcohol; diet is not a replacement for urate-lowering treatment when indicated. Do not apply broad bans to nutritious vegetables solely because they contain purines.","Age under 18 | Current/past eating disorder, severe restriction, purging or rapid unexplained weight change | Recent hospitalization, major surgery, active infection, cancer treatment or medically unstable state | Fluid restriction, kidney failure or heart failure | Three or more active medical conditions or conflicting restrictions | Severe food allergy or anaphylaxis history","Dietitian/physician","S007","Draft—consultant approval required"
"DC014","Gout / hyperuricemia — Non-Veg — Weight loss","Non-Veg","Gout / hyperuricemia","Weight loss","Water and fluids only to the clinician-approved amount; low-fat dairy and plant-forward meals can be used when otherwise suitable. Flares, serum urate, medicines, kidney function and weight trajectory.","Red meat, selected seafood, high-fructose drinks and alcohol; portion/frequency individualized. Organ meats and binge alcohol; diet is not a replacement for urate-lowering treatment when indicated. Do not apply broad bans to nutritious vegetables solely because they contain purines.","Age under 18 | Current/past eating disorder, severe restriction, purging or rapid unexplained weight change | Recent hospitalization, major surgery, active infection, cancer treatment or medically unstable state | Fluid restriction, kidney failure or heart failure | Three or more active medical conditions or conflicting restrictions | Severe food allergy or anaphylaxis history","Dietitian/physician","S007","Draft—consultant approval required"
"DC015","CKD—stable, earlier stages — Veg — Condition support","Veg","CKD—stable, earlier stages","Condition support","Protein, sodium, potassium, phosphorus and fluid must be set from CKD stage, labs, treatment and nutrition status. KDIGO suggests about 0.8 g/kg/day protein for adults with CKD G3–G5; application requires renal review. eGFR, ACR, potassium, phosphorus, bicarbonate, edema, weight and muscle status.","Processed foods with sodium and phosphate additives; limits depend on current labs. Avoid high-protein plans and potassium salt substitutes unless the renal team approves.","Age under 18 | Current/past eating disorder, severe restriction, purging or rapid unexplained weight change | Recent hospitalization, major surgery, active infection, cancer treatment or medically unstable state | Missing current eGFR, potassium or kidney diagnosis/stage | Three or more active medical conditions or conflicting restrictions | Severe food allergy or anaphylaxis history","Renal dietitian/nephrologist","S005;S006","Draft—consultant approval required"
"DC016","CKD—stable, earlier stages — Non-Veg — Condition support","Non-Veg","CKD—stable, earlier stages","Condition support","Protein, sodium, potassium, phosphorus and fluid must be set from CKD stage, labs, treatment and nutrition status. KDIGO suggests about 0.8 g/kg/day protein for adults with CKD G3–G5; application requires renal review. eGFR, ACR, potassium, phosphorus, bicarbonate, edema, weight and muscle status.","Processed foods with sodium and phosphate additives; limits depend on current labs. Avoid high-protein plans and potassium salt substitutes unless the renal team approves.","Age under 18 | Current/past eating disorder, severe restriction, purging or rapid unexplained weight change | Recent hospitalization, major surgery, active infection, cancer treatment or medically unstable state | Missing current eGFR, potassium or kidney diagnosis/stage | Three or more active medical conditions or conflicting restrictions | Severe food allergy or anaphylaxis history","Renal dietitian/nephrologist","S005;S006","Draft—consultant approval required"
"DC017","Fatty liver / MASLD — Veg — Condition support","Veg","Fatty liver / MASLD","Condition support","Mediterranean-style whole foods: vegetables, fruit, whole grains, pulses, nuts, fish/lean protein as appropriate. If excess weight is present, use gradual clinician-supervised weight reduction; do not set a target from diagnosis alone. Weight/waist, glucose, lipids, liver tests and fibrosis risk per clinician.","Added sugar, sugar-sweetened drinks, refined foods and excess saturated fat. Avoid alcohol unless the liver clinician explicitly advises otherwise.","Age under 18 | Current/past eating disorder, severe restriction, purging or rapid unexplained weight change | Recent hospitalization, major surgery, active infection, cancer treatment or medically unstable state | Three or more active medical conditions or conflicting restrictions | Severe food allergy or anaphylaxis history","Dietitian/physician","S008","Draft—consultant approval required"
"DC018","Fatty liver / MASLD — Veg — Weight loss","Veg","Fatty liver / MASLD","Weight loss","Mediterranean-style whole foods: vegetables, fruit, whole grains, pulses, nuts, fish/lean protein as appropriate. If excess weight is present, use gradual clinician-supervised weight reduction; do not set a target from diagnosis alone. Weight/waist, glucose, lipids, liver tests and fibrosis risk per clinician.","Added sugar, sugar-sweetened drinks, refined foods and excess saturated fat. Avoid alcohol unless the liver clinician explicitly advises otherwise.","Age under 18 | Current/past eating disorder, severe restriction, purging or rapid unexplained weight change | Recent hospitalization, major surgery, active infection, cancer treatment or medically unstable state | Three or more active medical conditions or conflicting restrictions | Severe food allergy or anaphylaxis history","Dietitian/physician","S008","Draft—consultant approval required"
"DC019","Fatty liver / MASLD — Non-Veg — Condition support","Non-Veg","Fatty liver / MASLD","Condition support","Mediterranean-style whole foods: vegetables, fruit, whole grains, pulses, nuts, fish/lean protein as appropriate. If excess weight is present, use gradual clinician-supervised weight reduction; do not set a target from diagnosis alone. Weight/waist, glucose, lipids, liver tests and fibrosis risk per clinician.","Added sugar, sugar-sweetened drinks, refined foods and excess saturated fat. Avoid alcohol unless the liver clinician explicitly advises otherwise.","Age under 18 | Current/past eating disorder, severe restriction, purging or rapid unexplained weight change | Recent hospitalization, major surgery, active infection, cancer treatment or medically unstable state | Three or more active medical conditions or conflicting restrictions | Severe food allergy or anaphylaxis history","Dietitian/physician","S008","Draft—consultant approval required"
"DC020","Fatty liver / MASLD — Non-Veg — Weight loss","Non-Veg","Fatty liver / MASLD","Weight loss","Mediterranean-style whole foods: vegetables, fruit, whole grains, pulses, nuts, fish/lean protein as appropriate. If excess weight is present, use gradual clinician-supervised weight reduction; do not set a target from diagnosis alone. Weight/waist, glucose, lipids, liver tests and fibrosis risk per clinician.","Added sugar, sugar-sweetened drinks, refined foods and excess saturated fat. Avoid alcohol unless the liver clinician explicitly advises otherwise.","Age under 18 | Current/past eating disorder, severe restriction, purging or rapid unexplained weight change | Recent hospitalization, major surgery, active infection, cancer treatment or medically unstable state | Three or more active medical conditions or conflicting restrictions | Severe food allergy or anaphylaxis history","Dietitian/physician","S008","Draft—consultant approval required"
"DC021","Arthritis / joint health — Veg — Condition support","Veg","Arthritis / joint health","Condition support","Mediterranean-style whole-food pattern; plant foods, nuts/seeds and suitable lean proteins. For non-vegetarians, oily fish may be used if compatible with pregnancy, gout and kidney status. Weight, function, pain pattern, medicines and GI/kidney risks.","Ultra-processed foods, trans fat, excess saturated fat and added sugars. No food or elimination diet should be presented as curing arthritis.","Age under 18 | Current/past eating disorder, severe restriction, purging or rapid unexplained weight change | Recent hospitalization, major surgery, active infection, cancer treatment or medically unstable state | Three or more active medical conditions or conflicting restrictions | Severe food allergy or anaphylaxis history","Dietitian/medical team","S014","Draft—consultant approval required"
"DC022","Arthritis / joint health — Veg — Weight loss","Veg","Arthritis / joint health","Weight loss","Mediterranean-style whole-food pattern; plant foods, nuts/seeds and suitable lean proteins. For non-vegetarians, oily fish may be used if compatible with pregnancy, gout and kidney status. Weight, function, pain pattern, medicines and GI/kidney risks.","Ultra-processed foods, trans fat, excess saturated fat and added sugars. No food or elimination diet should be presented as curing arthritis.","Age under 18 | Current/past eating disorder, severe restriction, purging or rapid unexplained weight change | Recent hospitalization, major surgery, active infection, cancer treatment or medically unstable state | Three or more active medical conditions or conflicting restrictions | Severe food allergy or anaphylaxis history","Dietitian/medical team","S014","Draft—consultant approval required"
"DC023","Arthritis / joint health — Non-Veg — Condition support","Non-Veg","Arthritis / joint health","Condition support","Mediterranean-style whole-food pattern; plant foods, nuts/seeds and suitable lean proteins. For non-vegetarians, oily fish may be used if compatible with pregnancy, gout and kidney status. Weight, function, pain pattern, medicines and GI/kidney risks.","Ultra-processed foods, trans fat, excess saturated fat and added sugars. No food or elimination diet should be presented as curing arthritis.","Age under 18 | Current/past eating disorder, severe restriction, purging or rapid unexplained weight change | Recent hospitalization, major surgery, active infection, cancer treatment or medically unstable state | Three or more active medical conditions or conflicting restrictions | Severe food allergy or anaphylaxis history","Dietitian/medical team","S014","Draft—consultant approval required"
"DC024","Arthritis / joint health — Non-Veg — Weight loss","Non-Veg","Arthritis / joint health","Weight loss","Mediterranean-style whole-food pattern; plant foods, nuts/seeds and suitable lean proteins. For non-vegetarians, oily fish may be used if compatible with pregnancy, gout and kidney status. Weight, function, pain pattern, medicines and GI/kidney risks.","Ultra-processed foods, trans fat, excess saturated fat and added sugars. No food or elimination diet should be presented as curing arthritis.","Age under 18 | Current/past eating disorder, severe restriction, purging or rapid unexplained weight change | Recent hospitalization, major surgery, active infection, cancer treatment or medically unstable state | Three or more active medical conditions or conflicting restrictions | Severe food allergy or anaphylaxis history","Dietitian/medical team","S014","Draft—consultant approval required"
"DC025","Bone health / osteoporosis risk — Veg — Condition support","Veg","Bone health / osteoporosis risk","Condition support","Food sources of calcium, adequate protein and vitamin-D-containing/fortified foods. Set calcium and vitamin D targets by age, pregnancy status, labs and clinician advice. Fractures, bone density, calcium, vitamin D, kidney function and relevant medicines.","Do not automatically prescribe high-dose calcium or vitamin D supplements. CKD mineral-bone disorder requires renal specialist management.","Age under 18 | Current/past eating disorder, severe restriction, purging or rapid unexplained weight change | Recent hospitalization, major surgery, active infection, cancer treatment or medically unstable state | CKD mineral-bone disorder, hypercalcemia or recurrent kidney stones | Three or more active medical conditions or conflicting restrictions | Severe food allergy or anaphylaxis history","Dietitian/physician","S012;S013","Draft—consultant approval required"
"DC026","Bone health / osteoporosis risk — Non-Veg — Condition support","Non-Veg","Bone health / osteoporosis risk","Condition support","Food sources of calcium, adequate protein and vitamin-D-containing/fortified foods. Set calcium and vitamin D targets by age, pregnancy status, labs and clinician advice. Fractures, bone density, calcium, vitamin D, kidney function and relevant medicines.","Do not automatically prescribe high-dose calcium or vitamin D supplements. CKD mineral-bone disorder requires renal specialist management.","Age under 18 | Current/past eating disorder, severe restriction, purging or rapid unexplained weight change | Recent hospitalization, major surgery, active infection, cancer treatment or medically unstable state | CKD mineral-bone disorder, hypercalcemia or recurrent kidney stones | Three or more active medical conditions or conflicting restrictions | Severe food allergy or anaphylaxis history","Dietitian/physician","S012;S013","Draft—consultant approval required"
"DC027","Pregnancy — Veg — Pregnancy nutrition","Veg","Pregnancy","Pregnancy nutrition","Varied foods from grains, vegetables, fruit, protein foods and pasteurized dairy/alternatives; prescribed prenatal supplements. Energy and weight-gain goals depend on trimester and prepregnancy BMI; ICMR-NIN provides Indian pregnancy guidance. Weight trajectory, BP, glucose, hemoglobin, nausea/vomiting and fetal/obstetric status.","Alcohol, raw/undercooked animal foods, unpasteurized foods and high-mercury fish. Vegetarian/vegan plans require review of iron, B12, protein, iodine, calcium and vitamin D.","Age under 18 | Current/past eating disorder, severe restriction, purging or rapid unexplained weight change | Recent hospitalization, major surgery, active infection, cancer treatment or medically unstable state | Any pregnancy | Severe vomiting, bleeding, severe headache/vision symptoms, marked swelling, high BP or reduced fetal movement | Three or more active medical conditions or conflicting restrictions | Severe food allergy or anaphylaxis history","Obstetric clinician and dietitian","S001;S009","Draft—consultant approval required"
"DC028","Pregnancy — Non-Veg — Pregnancy nutrition","Non-Veg","Pregnancy","Pregnancy nutrition","Varied foods from grains, vegetables, fruit, protein foods and pasteurized dairy/alternatives; prescribed prenatal supplements. Energy and weight-gain goals depend on trimester and prepregnancy BMI; ICMR-NIN provides Indian pregnancy guidance. Weight trajectory, BP, glucose, hemoglobin, nausea/vomiting and fetal/obstetric status.","Alcohol, raw/undercooked animal foods, unpasteurized foods and high-mercury fish. Vegetarian/vegan plans require review of iron, B12, protein, iodine, calcium and vitamin D.","Age under 18 | Current/past eating disorder, severe restriction, purging or rapid unexplained weight change | Recent hospitalization, major surgery, active infection, cancer treatment or medically unstable state | Any pregnancy | Severe vomiting, bleeding, severe headache/vision symptoms, marked swelling, high BP or reduced fetal movement | Three or more active medical conditions or conflicting restrictions | Severe food allergy or anaphylaxis history","Obstetric clinician and dietitian","S001;S009","Draft—consultant approval required"
"DC029","Postpartum—breastfeeding — Veg — Postpartum recovery and lactation","Veg","Postpartum—breastfeeding","Postpartum recovery and lactation","Regular balanced meals, protein foods, fruit/vegetables and fluids guided by thirst and clinical needs. CDC notes many well-nourished breastfeeding mothers need roughly 330–400 extra kcal/day; individualize. Recovery, bleeding/anemia, milk supply, infant growth, hydration, mood and weight trend.","Avoid aggressive calorie restriction, especially with low supply, early recovery or undernutrition. Vegetarian/vegan lactation needs B12 and other micronutrient review; supplements only clinician-approved.","Age under 18 | Current/past eating disorder, severe restriction, purging or rapid unexplained weight change | Recent hospitalization, major surgery, active infection, cancer treatment or medically unstable state | Postpartum under 6 weeks | Heavy bleeding, fever, wound concerns, severe headache, chest pain, dyspnea or severe mood symptoms | Three or more active medical conditions or conflicting restrictions | Severe food allergy or anaphylaxis history","Obstetric/lactation team and dietitian","S001;S010","Draft—consultant approval required"
"DC030","Postpartum—breastfeeding — Non-Veg — Postpartum recovery and lactation","Non-Veg","Postpartum—breastfeeding","Postpartum recovery and lactation","Regular balanced meals, protein foods, fruit/vegetables and fluids guided by thirst and clinical needs. CDC notes many well-nourished breastfeeding mothers need roughly 330–400 extra kcal/day; individualize. Recovery, bleeding/anemia, milk supply, infant growth, hydration, mood and weight trend.","Avoid aggressive calorie restriction, especially with low supply, early recovery or undernutrition. Vegetarian/vegan lactation needs B12 and other micronutrient review; supplements only clinician-approved.","Age under 18 | Current/past eating disorder, severe restriction, purging or rapid unexplained weight change | Recent hospitalization, major surgery, active infection, cancer treatment or medically unstable state | Postpartum under 6 weeks | Heavy bleeding, fever, wound concerns, severe headache, chest pain, dyspnea or severe mood symptoms | Three or more active medical conditions or conflicting restrictions | Severe food allergy or anaphylaxis history","Obstetric/lactation team and dietitian","S001;S010","Draft—consultant approval required"
"DC031","Postpartum—not breastfeeding — Veg — Postpartum recovery","Veg","Postpartum—not breastfeeding","Postpartum recovery","Recovery-focused balanced meals with protein, iron-rich foods, fiber and fluids as tolerated. Wound recovery, bleeding/anemia, bowel function, mood and weight trend. Begin gradual weight-management changes only after obstetric clearance.","Do not prioritize rapid weight loss in the early recovery period. Postpartum complications override generic templates.","Age under 18 | Current/past eating disorder, severe restriction, purging or rapid unexplained weight change | Recent hospitalization, major surgery, active infection, cancer treatment or medically unstable state | Heavy bleeding, fever, wound concerns, severe headache, chest pain, dyspnea or severe mood symptoms | Three or more active medical conditions or conflicting restrictions | Severe food allergy or anaphylaxis history","Obstetric clinician/dietitian","S001","Draft—consultant approval required"
"DC032","Postpartum—not breastfeeding — Non-Veg — Postpartum recovery","Non-Veg","Postpartum—not breastfeeding","Postpartum recovery","Recovery-focused balanced meals with protein, iron-rich foods, fiber and fluids as tolerated. Wound recovery, bleeding/anemia, bowel function, mood and weight trend. Begin gradual weight-management changes only after obstetric clearance.","Do not prioritize rapid weight loss in the early recovery period. Postpartum complications override generic templates.","Age under 18 | Current/past eating disorder, severe restriction, purging or rapid unexplained weight change | Recent hospitalization, major surgery, active infection, cancer treatment or medically unstable state | Heavy bleeding, fever, wound concerns, severe headache, chest pain, dyspnea or severe mood symptoms | Three or more active medical conditions or conflicting restrictions | Severe food allergy or anaphylaxis history","Obstetric clinician/dietitian","S001","Draft—consultant approval required"
"DC033","PCOS / PMOS — Veg — Condition support","Veg","PCOS / PMOS","Condition support","A sustainable healthy eating pattern matched to preferences, culture and metabolic goals. If weight loss is appropriate, set individualized goals without weight stigma and protect nutrition adequacy. Glucose, lipids, menstrual/reproductive goals, weight trajectory, sleep and mental health.","No single diet composition has proven superior for all PCOS/PMOS outcomes. Do not use pregnancy-unsafe or highly restrictive plans when pregnancy is possible or intended.","Age under 18 | Current/past eating disorder, severe restriction, purging or rapid unexplained weight change | Recent hospitalization, major surgery, active infection, cancer treatment or medically unstable state | Three or more active medical conditions or conflicting restrictions | Severe food allergy or anaphylaxis history","Dietitian/gynecology or endocrinology team","S011","Draft—consultant approval required"
"DC034","PCOS / PMOS — Veg — Weight loss","Veg","PCOS / PMOS","Weight loss","A sustainable healthy eating pattern matched to preferences, culture and metabolic goals. If weight loss is appropriate, set individualized goals without weight stigma and protect nutrition adequacy. Glucose, lipids, menstrual/reproductive goals, weight trajectory, sleep and mental health.","No single diet composition has proven superior for all PCOS/PMOS outcomes. Do not use pregnancy-unsafe or highly restrictive plans when pregnancy is possible or intended.","Age under 18 | Current/past eating disorder, severe restriction, purging or rapid unexplained weight change | Recent hospitalization, major surgery, active infection, cancer treatment or medically unstable state | Three or more active medical conditions or conflicting restrictions | Severe food allergy or anaphylaxis history","Dietitian/gynecology or endocrinology team","S011","Draft—consultant approval required"
"DC035","PCOS / PMOS — Non-Veg — Condition support","Non-Veg","PCOS / PMOS","Condition support","A sustainable healthy eating pattern matched to preferences, culture and metabolic goals. If weight loss is appropriate, set individualized goals without weight stigma and protect nutrition adequacy. Glucose, lipids, menstrual/reproductive goals, weight trajectory, sleep and mental health.","No single diet composition has proven superior for all PCOS/PMOS outcomes. Do not use pregnancy-unsafe or highly restrictive plans when pregnancy is possible or intended.","Age under 18 | Current/past eating disorder, severe restriction, purging or rapid unexplained weight change | Recent hospitalization, major surgery, active infection, cancer treatment or medically unstable state | Three or more active medical conditions or conflicting restrictions | Severe food allergy or anaphylaxis history","Dietitian/gynecology or endocrinology team","S011","Draft—consultant approval required"
"DC036","PCOS / PMOS — Non-Veg — Weight loss","Non-Veg","PCOS / PMOS","Weight loss","A sustainable healthy eating pattern matched to preferences, culture and metabolic goals. If weight loss is appropriate, set individualized goals without weight stigma and protect nutrition adequacy. Glucose, lipids, menstrual/reproductive goals, weight trajectory, sleep and mental health.","No single diet composition has proven superior for all PCOS/PMOS outcomes. Do not use pregnancy-unsafe or highly restrictive plans when pregnancy is possible or intended.","Age under 18 | Current/past eating disorder, severe restriction, purging or rapid unexplained weight change | Recent hospitalization, major surgery, active infection, cancer treatment or medically unstable state | Three or more active medical conditions or conflicting restrictions | Severe food allergy or anaphylaxis history","Dietitian/gynecology or endocrinology team","S011","Draft—consultant approval required"
"DC037","Dyslipidemia — Veg — Condition support","Veg","Dyslipidemia","Condition support","Vegetables, fruit, whole grains, pulses, nuts/seeds and unsaturated fats; lean protein as appropriate. Soluble-fiber foods such as oats, barley and pulses when compatible with GI/renal status. LDL, HDL, triglycerides, weight, glucose, thyroid and liver status.","Trans fat, excess saturated fat, processed meats, refined carbohydrate and added sugar. Very high triglycerides require clinician-directed management, not a generic app plan.","Age under 18 | Current/past eating disorder, severe restriction, purging or rapid unexplained weight change | Recent hospitalization, major surgery, active infection, cancer treatment or medically unstable state | Three or more active medical conditions or conflicting restrictions | Severe food allergy or anaphylaxis history","Dietitian/physician","S001;S004","Draft—consultant approval required"
"DC038","Dyslipidemia — Veg — Weight loss","Veg","Dyslipidemia","Weight loss","Vegetables, fruit, whole grains, pulses, nuts/seeds and unsaturated fats; lean protein as appropriate. Soluble-fiber foods such as oats, barley and pulses when compatible with GI/renal status. LDL, HDL, triglycerides, weight, glucose, thyroid and liver status.","Trans fat, excess saturated fat, processed meats, refined carbohydrate and added sugar. Very high triglycerides require clinician-directed management, not a generic app plan.","Age under 18 | Current/past eating disorder, severe restriction, purging or rapid unexplained weight change | Recent hospitalization, major surgery, active infection, cancer treatment or medically unstable state | Three or more active medical conditions or conflicting restrictions | Severe food allergy or anaphylaxis history","Dietitian/physician","S001;S004","Draft—consultant approval required"
"DC039","Dyslipidemia — Non-Veg — Condition support","Non-Veg","Dyslipidemia","Condition support","Vegetables, fruit, whole grains, pulses, nuts/seeds and unsaturated fats; lean protein as appropriate. Soluble-fiber foods such as oats, barley and pulses when compatible with GI/renal status. LDL, HDL, triglycerides, weight, glucose, thyroid and liver status.","Trans fat, excess saturated fat, processed meats, refined carbohydrate and added sugar. Very high triglycerides require clinician-directed management, not a generic app plan.","Age under 18 | Current/past eating disorder, severe restriction, purging or rapid unexplained weight change | Recent hospitalization, major surgery, active infection, cancer treatment or medically unstable state | Three or more active medical conditions or conflicting restrictions | Severe food allergy or anaphylaxis history","Dietitian/physician","S001;S004","Draft—consultant approval required"
"DC040","Dyslipidemia — Non-Veg — Weight loss","Non-Veg","Dyslipidemia","Weight loss","Vegetables, fruit, whole grains, pulses, nuts/seeds and unsaturated fats; lean protein as appropriate. Soluble-fiber foods such as oats, barley and pulses when compatible with GI/renal status. LDL, HDL, triglycerides, weight, glucose, thyroid and liver status.","Trans fat, excess saturated fat, processed meats, refined carbohydrate and added sugar. Very high triglycerides require clinician-directed management, not a generic app plan.","Age under 18 | Current/past eating disorder, severe restriction, purging or rapid unexplained weight change | Recent hospitalization, major surgery, active infection, cancer treatment or medically unstable state | Three or more active medical conditions or conflicting restrictions | Severe food allergy or anaphylaxis history","Dietitian/physician","S001;S004","Draft—consultant approval required"
"DC041","Hypothyroidism — Veg — Condition support","Veg","Hypothyroidism","Condition support","Use a generally balanced diet; hypothyroidism does not require a special fad diet. Take levothyroxine consistently according to prescriber instructions, commonly with water on an empty stomach. TSH/FT4, dose changes, pregnancy, symptoms and supplement timing.","Calcium, iron, soy and certain antacids/medicines can affect absorption; use prescriber-specified spacing. Do not recommend kelp, iodine megadoses or thyroid supplements.","Age under 18 | Current/past eating disorder, severe restriction, purging or rapid unexplained weight change | Recent hospitalization, major surgery, active infection, cancer treatment or medically unstable state | Three or more active medical conditions or conflicting restrictions | Severe food allergy or anaphylaxis history","Prescribing clinician/dietitian","S015","Draft—consultant approval required"
"DC042","Hypothyroidism — Non-Veg — Condition support","Non-Veg","Hypothyroidism","Condition support","Use a generally balanced diet; hypothyroidism does not require a special fad diet. Take levothyroxine consistently according to prescriber instructions, commonly with water on an empty stomach. TSH/FT4, dose changes, pregnancy, symptoms and supplement timing.","Calcium, iron, soy and certain antacids/medicines can affect absorption; use prescriber-specified spacing. Do not recommend kelp, iodine megadoses or thyroid supplements.","Age under 18 | Current/past eating disorder, severe restriction, purging or rapid unexplained weight change | Recent hospitalization, major surgery, active infection, cancer treatment or medically unstable state | Three or more active medical conditions or conflicting restrictions | Severe food allergy or anaphylaxis history","Prescribing clinician/dietitian","S015","Draft—consultant approval required"
"DC043","Iron-deficiency anemia / low iron — Veg — Iron-supportive nutrition","Veg","Iron-deficiency anemia / low iron","Iron-supportive nutrition","Iron-rich foods plus vitamin-C-rich foods; use both plant and animal sources according to preference. CBC, ferritin/iron studies, response, tolerance and cause evaluation.","Food is not a substitute for diagnosing bleeding, malabsorption or other causes and prescribing iron when needed. Tea/coffee and some calcium-rich foods may reduce iron absorption; individualize timing around iron-rich meals/supplements. Do not prescribe iron supplements without dose and cause assessment.","Age under 18 | Current/past eating disorder, severe restriction, purging or rapid unexplained weight change | Recent hospitalization, major surgery, active infection, cancer treatment or medically unstable state | Severe/symptomatic anemia, pregnancy, active bleeding or unclear cause | Three or more active medical conditions or conflicting restrictions | Severe food allergy or anaphylaxis history","Physician/dietitian","S016","Draft—consultant approval required"
"DC044","Iron-deficiency anemia / low iron — Non-Veg — Iron-supportive nutrition","Non-Veg","Iron-deficiency anemia / low iron","Iron-supportive nutrition","Iron-rich foods plus vitamin-C-rich foods; use both plant and animal sources according to preference. CBC, ferritin/iron studies, response, tolerance and cause evaluation.","Food is not a substitute for diagnosing bleeding, malabsorption or other causes and prescribing iron when needed. Tea/coffee and some calcium-rich foods may reduce iron absorption; individualize timing around iron-rich meals/supplements. Do not prescribe iron supplements without dose and cause assessment.","Age under 18 | Current/past eating disorder, severe restriction, purging or rapid unexplained weight change | Recent hospitalization, major surgery, active infection, cancer treatment or medically unstable state | Severe/symptomatic anemia, pregnancy, active bleeding or unclear cause | Three or more active medical conditions or conflicting restrictions | Severe food allergy or anaphylaxis history","Physician/dietitian","S016","Draft—consultant approval required"
"DC045","GERD / reflux — Veg — Symptom support","Veg","GERD / reflux","Symptom support","Smaller meals and a food/symptom diary; keep meals at least 3 hours before lying down if nocturnal symptoms. Symptoms, weight, meal timing, medicines and alarm symptoms.","Only personally identified triggers; common candidates include high-fat foods, alcohol, caffeine, chocolate, mint, spicy and acidic foods. Do not impose a broad lifelong exclusion list without testing individual response. Alarm symptoms require medical evaluation before routine diet advice.","Age under 18 | Current/past eating disorder, severe restriction, purging or rapid unexplained weight change | Recent hospitalization, major surgery, active infection, cancer treatment or medically unstable state | GI bleeding, dysphagia, persistent vomiting, anemia or unexplained weight loss | Three or more active medical conditions or conflicting restrictions | Severe food allergy or anaphylaxis history","Dietitian/physician","S017","Draft—consultant approval required"
"DC046","GERD / reflux — Veg — Weight loss","Veg","GERD / reflux","Weight loss","Smaller meals and a food/symptom diary; keep meals at least 3 hours before lying down if nocturnal symptoms. Symptoms, weight, meal timing, medicines and alarm symptoms.","Only personally identified triggers; common candidates include high-fat foods, alcohol, caffeine, chocolate, mint, spicy and acidic foods. Do not impose a broad lifelong exclusion list without testing individual response. Alarm symptoms require medical evaluation before routine diet advice.","Age under 18 | Current/past eating disorder, severe restriction, purging or rapid unexplained weight change | Recent hospitalization, major surgery, active infection, cancer treatment or medically unstable state | GI bleeding, dysphagia, persistent vomiting, anemia or unexplained weight loss | Three or more active medical conditions or conflicting restrictions | Severe food allergy or anaphylaxis history","Dietitian/physician","S017","Draft—consultant approval required"
"DC047","GERD / reflux — Non-Veg — Symptom support","Non-Veg","GERD / reflux","Symptom support","Smaller meals and a food/symptom diary; keep meals at least 3 hours before lying down if nocturnal symptoms. Symptoms, weight, meal timing, medicines and alarm symptoms.","Only personally identified triggers; common candidates include high-fat foods, alcohol, caffeine, chocolate, mint, spicy and acidic foods. Do not impose a broad lifelong exclusion list without testing individual response. Alarm symptoms require medical evaluation before routine diet advice.","Age under 18 | Current/past eating disorder, severe restriction, purging or rapid unexplained weight change | Recent hospitalization, major surgery, active infection, cancer treatment or medically unstable state | GI bleeding, dysphagia, persistent vomiting, anemia or unexplained weight loss | Three or more active medical conditions or conflicting restrictions | Severe food allergy or anaphylaxis history","Dietitian/physician","S017","Draft—consultant approval required"
"DC048","GERD / reflux — Non-Veg — Weight loss","Non-Veg","GERD / reflux","Weight loss","Smaller meals and a food/symptom diary; keep meals at least 3 hours before lying down if nocturnal symptoms. Symptoms, weight, meal timing, medicines and alarm symptoms.","Only personally identified triggers; common candidates include high-fat foods, alcohol, caffeine, chocolate, mint, spicy and acidic foods. Do not impose a broad lifelong exclusion list without testing individual response. Alarm symptoms require medical evaluation before routine diet advice.","Age under 18 | Current/past eating disorder, severe restriction, purging or rapid unexplained weight change | Recent hospitalization, major surgery, active infection, cancer treatment or medically unstable state | GI bleeding, dysphagia, persistent vomiting, anemia or unexplained weight loss | Three or more active medical conditions or conflicting restrictions | Severe food allergy or anaphylaxis history","Dietitian/physician","S017","Draft—consultant approval required"
"DC049","Irritable bowel syndrome — Veg — Symptom support","Veg","Irritable bowel syndrome","Symptom support","Regular meals, adequate fluids as appropriate and an individualized symptom diary. Bowel pattern, pain/bloating, weight, nutrition adequacy and food tolerance.","A low-FODMAP trial is temporary, structured and should be supervised with reintroduction. Do not use indefinite broad restriction or diagnose IBS through the app. Bleeding, anemia, unexplained loss, fever or nocturnal/progressive symptoms require medical review.","Age under 18 | Current/past eating disorder, severe restriction, purging or rapid unexplained weight change | Recent hospitalization, major surgery, active infection, cancer treatment or medically unstable state | GI bleeding, dysphagia, persistent vomiting, anemia or unexplained weight loss | Three or more active medical conditions or conflicting restrictions | Severe food allergy or anaphylaxis history","GI dietitian/clinician","S018","Draft—consultant approval required"
"DC050","Irritable bowel syndrome — Non-Veg — Symptom support","Non-Veg","Irritable bowel syndrome","Symptom support","Regular meals, adequate fluids as appropriate and an individualized symptom diary. Bowel pattern, pain/bloating, weight, nutrition adequacy and food tolerance.","A low-FODMAP trial is temporary, structured and should be supervised with reintroduction. Do not use indefinite broad restriction or diagnose IBS through the app. Bleeding, anemia, unexplained loss, fever or nocturnal/progressive symptoms require medical review.","Age under 18 | Current/past eating disorder, severe restriction, purging or rapid unexplained weight change | Recent hospitalization, major surgery, active infection, cancer treatment or medically unstable state | GI bleeding, dysphagia, persistent vomiting, anemia or unexplained weight loss | Three or more active medical conditions or conflicting restrictions | Severe food allergy or anaphylaxis history","GI dietitian/clinician","S018","Draft—consultant approval required"